#! "plot1: X", "plot1: Y"
1, 0.818851197617937
2, 0.681762062352522
3, 0.583423074254715
4, 0.504927826308948
5, 0.333609094246282
6, 0.302241893283451
7, 0.245955520338317
8, 0.239013450696008
9, 0.153333683101246
10, 0.148518933181198
